{
    "$schema": "https://schema.management.azure.com/schemas/2015-01-01/deploymentParameters.json#",
    "contentVersion": "1.0.0.0",
    "parameters": {
        "IotHubs_iothub0bb28034_connectionString": {
            "value": null
        },
        "IotHubs_iothub0bb28034_containerName": {
            "value": null
        },
        "sites_iotfunc0bb28034_name": {
            "value": null
        },
        "IotHubs_iothub0bb28034_name": {
            "value": null
        },
        "serverfarms_NorthEuropePlan_name": {
            "value": null
        },
        "accounts_iotdls0bb28034_name": {
            "value": null
        },
        "storageAccounts_iotstore0bb28034_name": {
            "value": null
        },
        "accounts_iotdla0bb28034_name": {
            "value": null
        },
        "streamingjobs_iotasa0bb28034_name": {
            "value": null
        },
        "smartdetectoralertrules_failure_anomalies___iotfunc0bb28034_name": {
            "value": null
        },
        "smartdetectoralertrules_failure_anomalies___iotfunc0bb28034_tmp_name": {
            "value": null
        },
        "components_iotfunc0bb28034_externalid": {
            "value": null
        },
        "actiongroups_application_20insights_20smart_20detection_externalid": {
            "value": null
        },
        "components_iotfunc0bb28034_tmp_externalid": {
            "value": null
        }
    }
}