{
    "$schema": "https://schema.management.azure.com/schemas/2015-01-01/deploymentTemplate.json#",
    "contentVersion": "1.0.0.0",
    "parameters": {
        "IotHubs_iothub0bb28034_connectionString": {
            "type": "SecureString"
        },
        "IotHubs_iothub0bb28034_containerName": {
            "type": "SecureString"
        },
        "sites_iotfunc0bb28034_name": {
            "defaultValue": "iotfunc0bb28034",
            "type": "String"
        },
        "IotHubs_iothub0bb28034_name": {
            "defaultValue": "iothub0bb28034",
            "type": "String"
        },
        "serverfarms_NorthEuropePlan_name": {
            "defaultValue": "NorthEuropePlan",
            "type": "String"
        },
        "accounts_iotdls0bb28034_name": {
            "defaultValue": "iotdls0bb28034",
            "type": "String"
        },
        "storageAccounts_iotstore0bb28034_name": {
            "defaultValue": "iotstore0bb28034",
            "type": "String"
        },
        "accounts_iotdla0bb28034_name": {
            "defaultValue": "iotdla0bb28034",
            "type": "String"
        },
        "streamingjobs_iotasa0bb28034_name": {
            "defaultValue": "iotasa0bb28034",
            "type": "String"
        },
        "smartdetectoralertrules_failure_anomalies___iotfunc0bb28034_name": {
            "defaultValue": "failure anomalies - iotfunc0bb28034",
            "type": "String"
        },
        "smartdetectoralertrules_failure_anomalies___iotfunc0bb28034_tmp_name": {
            "defaultValue": "failure anomalies - iotfunc0bb28034_tmp",
            "type": "String"
        },
        "components_iotfunc0bb28034_externalid": {
            "defaultValue": "/subscriptions/0508d94c-abcf-484c-be79-e3194461816b/resourceGroups/iotcapstonerg/providers/microsoft.insights/components/iotfunc0bb28034",
            "type": "String"
        },
        "actiongroups_application_20insights_20smart_20detection_externalid": {
            "defaultValue": "/subscriptions/0508d94c-abcf-484c-be79-e3194461816b/resourceGroups/inspectiondate/providers/microsoft.insights/actiongroups/application%20insights%20smart%20detection",
            "type": "String"
        },
        "components_iotfunc0bb28034_tmp_externalid": {
            "defaultValue": "/subscriptions/0508d94c-abcf-484c-be79-e3194461816b/resourceGroups/iotcapstonerg/providers/microsoft.insights/components/iotfunc0bb28034_tmp",
            "type": "String"
        }
    },
    "variables": {},
    "resources": [
        {
            "type": "microsoft.alertsmanagement/smartdetectoralertrules",
            "apiVersion": "2019-06-01",
            "name": "[parameters('smartdetectoralertrules_failure_anomalies___iotfunc0bb28034_name')]",
            "location": "global",
            "properties": {
                "description": "Failure Anomalies notifies you of an unusual rise in the rate of failed HTTP requests or dependency calls.",
                "state": "Enabled",
                "severity": "Sev3",
                "frequency": "PT1M",
                "detector": {
                    "id": "FailureAnomaliesDetector"
                },
                "scope": [
                    "[parameters('components_iotfunc0bb28034_externalid')]"
                ],
                "actionGroups": {
                    "groupIds": [
                        "[parameters('actiongroups_application_20insights_20smart_20detection_externalid')]"
                    ]
                }
            }
        },
        {
            "type": "microsoft.alertsmanagement/smartdetectoralertrules",
            "apiVersion": "2019-06-01",
            "name": "[parameters('smartdetectoralertrules_failure_anomalies___iotfunc0bb28034_tmp_name')]",
            "location": "global",
            "properties": {
                "description": "Failure Anomalies notifies you of an unusual rise in the rate of failed HTTP requests or dependency calls.",
                "state": "Enabled",
                "severity": "Sev3",
                "frequency": "PT1M",
                "detector": {
                    "id": "FailureAnomaliesDetector"
                },
                "scope": [
                    "[parameters('components_iotfunc0bb28034_tmp_externalid')]"
                ],
                "actionGroups": {
                    "groupIds": [
                        "[parameters('actiongroups_application_20insights_20smart_20detection_externalid')]"
                    ]
                }
            }
        },
        {
            "type": "Microsoft.DataLakeAnalytics/accounts",
            "apiVersion": "2016-11-01",
            "name": "[parameters('accounts_iotdla0bb28034_name')]",
            "location": "westeurope",
            "properties": {
                "firewallState": "Disabled",
                "firewallAllowAzureIps": "Disabled",
                "firewallRules": [],
                "defaultDataLakeStoreAccount": "iotdls0bb28034",
                "dataLakeStoreAccounts": [
                    {
                        "properties": {
                            "suffix": "azuredatalakestore.net"
                        },
                        "name": "iotdls0bb28034"
                    }
                ],
                "storageAccounts": [],
                "maxDegreeOfParallelism": 32,
                "maxJobCount": 20,
                "maxDegreeOfParallelismPerJob": 32,
                "minPriorityPerJob": 1,
                "computePolicies": [],
                "queryStoreRetention": 30,
                "newTier": "Consumption"
            }
        },
        {
            "type": "Microsoft.DataLakeStore/accounts",
            "apiVersion": "2016-11-01",
            "name": "[parameters('accounts_iotdls0bb28034_name')]",
            "location": "westeurope",
            "properties": {
                "firewallState": "Disabled",
                "firewallAllowAzureIps": "Disabled",
                "firewallRules": [],
                "trustedIdProviderState": "Disabled",
                "trustedIdProviders": [],
                "encryptionState": "Enabled",
                "encryptionConfig": {
                    "type": "ServiceManaged"
                },
                "newTier": "Consumption"
            }
        },
        {
            "type": "Microsoft.Devices/IotHubs",
            "apiVersion": "2019-11-04",
            "name": "[parameters('IotHubs_iothub0bb28034_name')]",
            "location": "westeurope",
            "sku": {
                "name": "S1",
                "tier": "Standard",
                "capacity": 1
            },
            "properties": {
                "ipFilterRules": [],
                "eventHubEndpoints": {
                    "events": {
                        "retentionTimeInDays": 1,
                        "partitionCount": 4
                    }
                },
                "routing": {
                    "endpoints": {
                        "serviceBusQueues": [],
                        "serviceBusTopics": [],
                        "eventHubs": [],
                        "storageContainers": []
                    },
                    "routes": [],
                    "fallbackRoute": {
                        "name": "$fallback",
                        "source": "DeviceMessages",
                        "condition": "true",
                        "endpointNames": [
                            "events"
                        ],
                        "isEnabled": true
                    }
                },
                "storageEndpoints": {
                    "$default": {
                        "sasTtlAsIso8601": "PT1H",
                        "connectionString": "[parameters('IotHubs_iothub0bb28034_connectionString')]",
                        "containerName": "[parameters('IotHubs_iothub0bb28034_containerName')]"
                    }
                },
                "messagingEndpoints": {
                    "fileNotifications": {
                        "lockDurationAsIso8601": "PT1M",
                        "ttlAsIso8601": "PT1H",
                        "maxDeliveryCount": 10
                    }
                },
                "enableFileUploadNotifications": false,
                "cloudToDevice": {
                    "maxDeliveryCount": 10,
                    "defaultTtlAsIso8601": "PT1H",
                    "feedback": {
                        "lockDurationAsIso8601": "PT1M",
                        "ttlAsIso8601": "PT1H",
                        "maxDeliveryCount": 10
                    }
                },
                "features": "None"
            }
        },
        {
            "type": "Microsoft.Storage/storageAccounts",
            "apiVersion": "2019-04-01",
            "name": "[parameters('storageAccounts_iotstore0bb28034_name')]",
            "location": "northeurope",
            "sku": {
                "name": "Standard_LRS",
                "tier": "Standard"
            },
            "kind": "StorageV2",
            "properties": {
                "networkAcls": {
                    "bypass": "AzureServices",
                    "virtualNetworkRules": [],
                    "ipRules": [],
                    "defaultAction": "Allow"
                },
                "supportsHttpsTrafficOnly": true,
                "encryption": {
                    "services": {
                        "file": {
                            "enabled": true
                        },
                        "blob": {
                            "enabled": true
                        }
                    },
                    "keySource": "Microsoft.Storage"
                },
                "accessTier": "Cool"
            }
        },
        {
            "type": "Microsoft.StreamAnalytics/streamingjobs",
            "apiVersion": "2016-03-01",
            "name": "[parameters('streamingjobs_iotasa0bb28034_name')]",
            "location": "West Europe",
            "identity": {
                "principalId": "f6360bcd-3bfc-4603-8bda-a12c87d11b0d",
                "tenantId": "79d6758d-5a05-4ad0-8904-6552d3fd6230",
                "type": "SystemAssigned"
            },
            "properties": {
                "sku": {
                    "name": "Standard"
                },
                "outputStartMode": "JobStartTime",
                "outputStartTime": "2019-12-16T08:29:53.193Z",
                "eventsOutOfOrderPolicy": "Adjust",
                "outputErrorPolicy": "Stop",
                "eventsOutOfOrderMaxDelayInSeconds": 0,
                "eventsLateArrivalMaxDelayInSeconds": 5,
                "dataLocale": "en-US",
                "compatibilityLevel": "1.1"
            }
        },
        {
            "type": "Microsoft.Web/serverfarms",
            "apiVersion": "2018-02-01",
            "name": "[parameters('serverfarms_NorthEuropePlan_name')]",
            "location": "North Europe",
            "sku": {
                "name": "Y1",
                "tier": "Dynamic",
                "size": "Y1",
                "family": "Y",
                "capacity": 0
            },
            "kind": "functionapp",
            "properties": {
                "perSiteScaling": false,
                "maximumElasticWorkerCount": 1,
                "isSpot": false,
                "reserved": false,
                "isXenon": false,
                "hyperV": false,
                "targetWorkerCount": 0,
                "targetWorkerSizeId": 0
            }
        },
        {
            "type": "Microsoft.DataLakeAnalytics/accounts/dataLakeStoreAccounts",
            "apiVersion": "2016-11-01",
            "name": "[concat(parameters('accounts_iotdla0bb28034_name'), '/iotdls0bb28034')]",
            "dependsOn": [
                "[resourceId('Microsoft.DataLakeAnalytics/accounts', parameters('accounts_iotdla0bb28034_name'))]"
            ],
            "properties": {
                "suffix": "azuredatalakestore.net"
            }
        },
        {
            "type": "Microsoft.Storage/storageAccounts/blobServices",
            "apiVersion": "2019-04-01",
            "name": "[concat(parameters('storageAccounts_iotstore0bb28034_name'), '/default')]",
            "dependsOn": [
                "[resourceId('Microsoft.Storage/storageAccounts', parameters('storageAccounts_iotstore0bb28034_name'))]"
            ],
            "sku": {
                "name": "Standard_LRS"
            },
            "properties": {
                "cors": {
                    "corsRules": []
                },
                "deleteRetentionPolicy": {
                    "enabled": false
                }
            }
        },
        {
            "type": "Microsoft.StreamAnalytics/streamingjobs/inputs",
            "apiVersion": "2016-03-01",
            "name": "[concat(parameters('streamingjobs_iotasa0bb28034_name'), '/IoTHub')]",
            "dependsOn": [
                "[resourceId('Microsoft.StreamAnalytics/streamingjobs', parameters('streamingjobs_iotasa0bb28034_name'))]"
            ],
            "properties": {
                "type": "Stream",
                "datasource": {
                    "type": "Microsoft.Devices/IotHubs",
                    "properties": {
                        "iotHubNamespace": "iothub0bb28034",
                        "sharedAccessPolicyName": "iothubowner",
                        "endpoint": "messages/events",
                        "consumerGroupName": "$Default"
                    }
                },
                "compression": {
                    "type": "None"
                },
                "partitionKey": "",
                "serialization": {
                    "type": "Json",
                    "properties": {
                        "encoding": "UTF8"
                    }
                },
                "etag": "3155732e-3fa8-494d-9519-493846c00f68"
            }
        },
        {
            "type": "Microsoft.StreamAnalytics/streamingjobs/outputs",
            "apiVersion": "2016-03-01",
            "name": "[concat(parameters('streamingjobs_iotasa0bb28034_name'), '/WeatherStationSimulationData')]",
            "dependsOn": [
                "[resourceId('Microsoft.StreamAnalytics/streamingjobs', parameters('streamingjobs_iotasa0bb28034_name'))]"
            ],
            "properties": {
                "datasource": {
                    "type": "Microsoft.DataLake/Accounts",
                    "properties": {
                        "filePathPrefix": "telemetry/{date}",
                        "accountName": "iotdls0bb28034",
                        "tenantId": "79d6758d-5a05-4ad0-8904-6552d3fd6230",
                        "dateFormat": "yyyy/MM/dd",
                        "timeFormat": "HH",
                        "authenticationMode": "UserToken",
                        "refreshToken": null,
                        "accessToken": null,
                        "tokenUserPrincipalName": "rlamein@ToIncrease.onmicrosoft.com",
                        "tokenUserDisplayName": "Rico Lamein"
                    }
                },
                "serialization": {
                    "type": "Json",
                    "properties": {
                        "encoding": "UTF8",
                        "format": "Array"
                    }
                }
            }
        },
        {
            "type": "Microsoft.StreamAnalytics/streamingjobs/outputs",
            "apiVersion": "2016-03-01",
            "name": "[concat(parameters('streamingjobs_iotasa0bb28034_name'), '/WindSpeedSendFrequencyFunction')]",
            "dependsOn": [
                "[resourceId('Microsoft.StreamAnalytics/streamingjobs', parameters('streamingjobs_iotasa0bb28034_name'))]"
            ],
            "properties": {
                "datasource": {
                    "type": "Microsoft.AzureFunction",
                    "properties": {
                        "functionAppName": "iotfunc0bb28034",
                        "functionName": "WindSpeedHttpTrigger",
                        "apiKey": null
                    }
                }
            }
        },
        {
            "type": "Microsoft.Web/sites",
            "apiVersion": "2018-11-01",
            "name": "[parameters('sites_iotfunc0bb28034_name')]",
            "location": "North Europe",
            "dependsOn": [
                "[resourceId('Microsoft.Web/serverfarms', parameters('serverfarms_NorthEuropePlan_name'))]"
            ],
            "kind": "functionapp",
            "properties": {
                "enabled": true,
                "hostNameSslStates": [
                    {
                        "name": "[concat(parameters('sites_iotfunc0bb28034_name'), '.azurewebsites.net')]",
                        "sslState": "Disabled",
                        "hostType": "Standard"
                    },
                    {
                        "name": "[concat(parameters('sites_iotfunc0bb28034_name'), '.scm.azurewebsites.net')]",
                        "sslState": "Disabled",
                        "hostType": "Repository"
                    }
                ],
                "serverFarmId": "[resourceId('Microsoft.Web/serverfarms', parameters('serverfarms_NorthEuropePlan_name'))]",
                "reserved": false,
                "isXenon": false,
                "hyperV": false,
                "scmSiteAlsoStopped": false,
                "clientAffinityEnabled": false,
                "clientCertEnabled": false,
                "hostNamesDisabled": false,
                "containerSize": 1536,
                "dailyMemoryTimeQuota": 0,
                "httpsOnly": false,
                "redundancyMode": "None"
            }
        },
        {
            "type": "Microsoft.Web/sites/config",
            "apiVersion": "2018-11-01",
            "name": "[concat(parameters('sites_iotfunc0bb28034_name'), '/web')]",
            "location": "North Europe",
            "dependsOn": [
                "[resourceId('Microsoft.Web/sites', parameters('sites_iotfunc0bb28034_name'))]"
            ],
            "properties": {
                "numberOfWorkers": 1,
                "defaultDocuments": [
                    "Default.htm",
                    "Default.html",
                    "Default.asp",
                    "index.htm",
                    "index.html",
                    "iisstart.htm",
                    "default.aspx",
                    "index.php"
                ],
                "netFrameworkVersion": "v4.0",
                "phpVersion": "5.6",
                "pythonVersion": "",
                "nodeVersion": "",
                "linuxFxVersion": "",
                "requestTracingEnabled": false,
                "remoteDebuggingEnabled": false,
                "httpLoggingEnabled": false,
                "logsDirectorySizeLimit": 35,
                "detailedErrorLoggingEnabled": false,
                "publishingUsername": "$iotfunc0bb28034",
                "scmType": "None",
                "use32BitWorkerProcess": true,
                "webSocketsEnabled": false,
                "alwaysOn": false,
                "appCommandLine": "",
                "managedPipelineMode": "Integrated",
                "virtualApplications": [
                    {
                        "virtualPath": "/",
                        "physicalPath": "site\\wwwroot",
                        "preloadEnabled": false,
                        "virtualDirectories": null
                    }
                ],
                "winAuthAdminState": 0,
                "winAuthTenantState": 0,
                "customAppPoolIdentityAdminState": false,
                "customAppPoolIdentityTenantState": false,
                "loadBalancing": "LeastRequests",
                "routingRules": [],
                "experiments": {
                    "rampUpRules": []
                },
                "autoHealEnabled": false,
                "vnetName": "",
                "siteAuthEnabled": false,
                "siteAuthSettings": {
                    "enabled": null,
                    "unauthenticatedClientAction": null,
                    "tokenStoreEnabled": null,
                    "allowedExternalRedirectUrls": null,
                    "defaultProvider": null,
                    "clientId": null,
                    "clientSecret": null,
                    "clientSecretCertificateThumbprint": null,
                    "issuer": null,
                    "allowedAudiences": null,
                    "additionalLoginParams": null,
                    "isAadAutoProvisioned": false,
                    "googleClientId": null,
                    "googleClientSecret": null,
                    "googleOAuthScopes": null,
                    "facebookAppId": null,
                    "facebookAppSecret": null,
                    "facebookOAuthScopes": null,
                    "twitterConsumerKey": null,
                    "twitterConsumerSecret": null,
                    "microsoftAccountClientId": null,
                    "microsoftAccountClientSecret": null,
                    "microsoftAccountOAuthScopes": null
                },
                "cors": {
                    "allowedOrigins": [
                        "https://functions.azure.com",
                        "https://functions-staging.azure.com",
                        "https://functions-next.azure.com"
                    ],
                    "supportCredentials": false
                },
                "localMySqlEnabled": false,
                "ipSecurityRestrictions": [
                    {
                        "ipAddress": "Any",
                        "action": "Allow",
                        "priority": 1,
                        "name": "Allow all",
                        "description": "Allow all access"
                    }
                ],
                "scmIpSecurityRestrictions": [
                    {
                        "ipAddress": "Any",
                        "action": "Allow",
                        "priority": 1,
                        "name": "Allow all",
                        "description": "Allow all access"
                    }
                ],
                "scmIpSecurityRestrictionsUseMain": false,
                "http20Enabled": false,
                "minTlsVersion": "1.2",
                "ftpsState": "AllAllowed",
                "reservedInstanceCount": 0,
                "fileChangeAuditEnabled": false,
                "functionsRuntimeScaleMonitoringEnabled": false
            }
        },
        {
            "type": "Microsoft.Web/sites/deployments",
            "apiVersion": "2018-11-01",
            "name": "[concat(parameters('sites_iotfunc0bb28034_name'), '/1a860c011026478daf595d9a63ae47fc')]",
            "location": "North Europe",
            "dependsOn": [
                "[resourceId('Microsoft.Web/sites', parameters('sites_iotfunc0bb28034_name'))]"
            ],
            "properties": {
                "status": 4,
                "author_email": "N/A",
                "author": "VS Code",
                "deployer": "Push-Deployer",
                "message": "Created via a push deployment",
                "start_time": "2019-12-16T07:41:58.7495912Z",
                "end_time": "2019-12-16T07:42:04.0239973Z",
                "active": true
            }
        },
        {
            "type": "Microsoft.Web/sites/deployments",
            "apiVersion": "2018-11-01",
            "name": "[concat(parameters('sites_iotfunc0bb28034_name'), '/ee2dbb0ed756407891c70689e88e0b8c')]",
            "location": "North Europe",
            "dependsOn": [
                "[resourceId('Microsoft.Web/sites', parameters('sites_iotfunc0bb28034_name'))]"
            ],
            "properties": {
                "status": 4,
                "author_email": "N/A",
                "author": "VS Code",
                "deployer": "Push-Deployer",
                "message": "Created via a push deployment",
                "start_time": "2019-12-12T18:56:26.6443165Z",
                "end_time": "2019-12-12T18:56:31.2589558Z",
                "active": false
            }
        },
        {
            "type": "Microsoft.Web/sites/functions",
            "apiVersion": "2018-11-01",
            "name": "[concat(parameters('sites_iotfunc0bb28034_name'), '/WindSpeedHttpTrigger')]",
            "location": "North Europe",
            "dependsOn": [
                "[resourceId('Microsoft.Web/sites', parameters('sites_iotfunc0bb28034_name'))]"
            ],
            "properties": {
                "script_root_path_href": "https://iotfunc0bb28034.azurewebsites.net/admin/vfs/site/wwwroot/WindSpeedHttpTrigger/",
                "script_href": "https://iotfunc0bb28034.azurewebsites.net/admin/vfs/site/wwwroot/bin/IoTFunctions.dll",
                "config_href": "https://iotfunc0bb28034.azurewebsites.net/admin/vfs/site/wwwroot/WindSpeedHttpTrigger/function.json",
                "href": "https://iotfunc0bb28034.azurewebsites.net/admin/functions/WindSpeedHttpTrigger",
                "config": {},
                "test_data": "{\"method\":\"post\",\"body\":\"[{\\\"deviceId\\\":\\\"r\\\",\\\"windSpeed\\\":12}]\",\"queryStringParams\":[],\"headers\":[]}"
            }
        },
        {
            "type": "Microsoft.Web/sites/hostNameBindings",
            "apiVersion": "2018-11-01",
            "name": "[concat(parameters('sites_iotfunc0bb28034_name'), '/', parameters('sites_iotfunc0bb28034_name'), '.azurewebsites.net')]",
            "location": "North Europe",
            "dependsOn": [
                "[resourceId('Microsoft.Web/sites', parameters('sites_iotfunc0bb28034_name'))]"
            ],
            "properties": {
                "siteName": "iotfunc0bb28034",
                "hostNameType": "Verified"
            }
        },
        {
            "type": "Microsoft.Storage/storageAccounts/blobServices/containers",
            "apiVersion": "2019-04-01",
            "name": "[concat(parameters('storageAccounts_iotstore0bb28034_name'), '/default/azure-webjobs-hosts')]",
            "dependsOn": [
                "[resourceId('Microsoft.Storage/storageAccounts/blobServices', parameters('storageAccounts_iotstore0bb28034_name'), 'default')]",
                "[resourceId('Microsoft.Storage/storageAccounts', parameters('storageAccounts_iotstore0bb28034_name'))]"
            ],
            "properties": {
                "publicAccess": "None"
            }
        },
        {
            "type": "Microsoft.Storage/storageAccounts/blobServices/containers",
            "apiVersion": "2019-04-01",
            "name": "[concat(parameters('storageAccounts_iotstore0bb28034_name'), '/default/azure-webjobs-secrets')]",
            "dependsOn": [
                "[resourceId('Microsoft.Storage/storageAccounts/blobServices', parameters('storageAccounts_iotstore0bb28034_name'), 'default')]",
                "[resourceId('Microsoft.Storage/storageAccounts', parameters('storageAccounts_iotstore0bb28034_name'))]"
            ],
            "properties": {
                "publicAccess": "None"
            }
        }
    ]
}